Name,Pace,Speed,Rank,Race Type,Total Rank,year,Rank Difference,Rank Difference Percent
Khalid Garib,6.13,9.7,218,4 KM,2226,2022,2008,90.20664869721473
Khalid Garib,6.55,9.1,378,10 KM,4504,2023,4126,91.60746003552399
Khalid Garib,5.57,10.7,440,Half Marathon,2358,2024,1918,81.3401187446989
Khalid Garib,5.95,10.0,204,Marathon,624,2025,420,67.3076923076923
